title,neighborhoods,price,num_bedrooms,num_bathrooms,url,lat,lon,city,time_posted,alerted,priority_alerted,source,bike_time_minutes,bike_station,bart_bike_time_minutes,bart_station
Roosevelt Way 2-bed Apartment,,3000,2,1.0,https://sfbay.craigslist.org/sfc/apa/d/san-francisco-roosevelt-way-bed/7929558846.html,37.7658576002989,-122.440450559295,San Francisco,2026-04-22T19:30:05.587806-07:00,False,,craigslist,,,,
Natural 2-bed Central Ave apartment,NOPA/Inner Richmond,2835,2,1.0,https://sfbay.craigslist.org/sfc/apa/d/san-francisco-natural-bed-central-ave/7929558848.html,37.7761129718734,-122.444805038538,San Francisco,2026-04-22T19:30:05.587174-07:00,False,,craigslist,,,,
This 2 bedroom 1 bath New Home,Inner Sunset,1075,2,1.0,https://sfbay.craigslist.org/sfc/apa/d/san-francisco-this-bedroom-bath-new-home/7929559062.html,37.7639210029515,-122.462013252956,San Francisco,2026-04-22T19:30:05.586582-07:00,False,,craigslist,,,,
Welcome to new 2 Bed 2 Bath apartment,,1050,2,2.0,https://sfbay.craigslist.org/sfc/apa/d/san-francisco-welcome-to-new-bed-bath/7929559079.html,37.7752323357423,-122.42939247385,San Francisco,2026-04-22T19:30:05.585999-07:00,False,,craigslist,,,,
⌗ THE LOOP ⌗ Commuter Central / Easy Highway Access,,3580,3,2.0,https://sfbay.craigslist.org/sfc/apa/d/san-francisco-the-loop-commuter-central/7929554657.html,37.7885885549039,-122.425335359703,San Francisco,2026-04-22T19:30:05.585414-07:00,False,,craigslist,,,,
Top flor 2 bedrooms and 1 bath apartment for rent in Hayes Valley,,1250,2,1.0,https://sfbay.craigslist.org/sfc/apa/d/san-francisco-top-flor-bedrooms-and/7929559854.html,37.7752323357423,-122.42939247385,San Francisco,2026-04-22T19:30:05.584828-07:00,False,,craigslist,,,,
Welcome to your dream apartment in the heart of Nob Hill!,,1500,2,1.0,https://sfbay.craigslist.org/sfc/apa/d/san-francisco-welcome-to-your-dream/7929559968.html,37.7929424611889,-122.416672810799,San Francisco,2026-04-22T19:30:05.584225-07:00,False,,craigslist,,,,
"Clean, light filled, 2 bedroom 1 bath top floor apartment",Inner Sunset,1500,2,1.0,https://sfbay.craigslist.org/sfc/apa/d/san-francisco-clean-light-filled/7929558071.html,37.7589500211212,-122.464882052636,San Francisco,2026-04-22T19:30:05.583592-07:00,False,,craigslist,,,,
"Welcome to your beautifully refreshed two level, single-family home",Way Out There,700,2,1.0,https://sfbay.craigslist.org/sfc/apa/d/san-francisco-welcome-to-your/7929560610.html,37.7845721207603,-122.476466113338,San Francisco,2026-04-22T19:30:05.582769-07:00,False,,craigslist,,,,
"Stunning Tri-Level Loft – 2 Bed, 2 Bath with Private Deck","Mission,Chill Mission",1650,2,2.0,https://sfbay.craigslist.org/sfc/apa/d/san-francisco-stunning-tri-level-loft/7929557672.html,37.758928248725,-122.412490218895,San Francisco,2026-04-22T19:10:05.229071-07:00,False,,craigslist,,,,
Classic Edwardian 2 bedroom 1 bathroom apartment for rent!,Inner Sunset,1200,2,1.0,https://sfbay.craigslist.org/sfc/apa/d/san-francisco-classic-edwardian-bedroom/7929558502.html,37.7639210029515,-122.462013252956,San Francisco,2026-04-22T19:10:05.228265-07:00,False,,craigslist,,,,
"3D Virtual Tour - 2 BR, 1 BA Condo 750 Sq. Ft. - In-Unit Washer/Dryer",,4150,2,1.0,https://sfbay.craigslist.org/sfc/apa/d/san-francisco-3d-virtual-tour-br-ba/7929551673.html,37.7879875221768,-122.418300010937,San Francisco,2026-04-22T18:30:05.324992-07:00,False,,craigslist,,,,
"Stainless Steel Appliances, Washer and Dryer, EV Charging, Pet Park",,4379,2,1.0,https://sfbay.craigslist.org/sfc/apa/d/san-francisco-stainless-steel/7929552885.html,37.7752730157458,-122.415909631016,San Francisco,2026-04-22T18:30:05.324245-07:00,False,,craigslist,,,,
"15-mo. | Live Large! Rare SF 2 BR-Stunning Skyline, Must-See Interiors",,5115,2,2.0,https://sfbay.craigslist.org/sfc/apa/d/san-francisco-15-mo-live-large-rare-sf/7929519734.html,37.7831689471201,-122.432684689341,San Francisco,2026-04-22T18:10:04.768099-07:00,False,,craigslist,,,,
"2/BD, Bike storage, San Francisco CA",,5458,2,2.0,https://sfbay.craigslist.org/sfc/apa/d/san-francisco-bd-bike-storage-san/7929547442.html,37.7724999000175,-122.414693814574,San Francisco,2026-04-22T17:50:05.393948-07:00,False,,craigslist,,,,
"Dishwasher, Stainless steel appliances, The Pet Pad, Sunny solarium",,3953,2,2.0,https://sfbay.craigslist.org/sfc/apa/d/san-francisco-dishwasher-stainless/7929543398.html,37.7816185233265,-122.412125817737,San Francisco,2026-04-22T17:30:05.358469-07:00,False,,craigslist,,,,
TMLP 13-mo. | Luxury high-rise with top tier amenities and handcrafted apartment,,3896,2,1.0,https://sfbay.craigslist.org/sfc/apa/d/san-francisco-tmlp-13-mo-luxury-high/7929544280.html,37.7791152707197,-122.41424289679,San Francisco,2026-04-22T17:30:05.357836-07:00,False,,craigslist,,,,
TMLP 13-mo. | SOMA two-bedroom apartment near Hayes Valley,,3844,2,1.0,https://sfbay.craigslist.org/sfc/apa/d/san-francisco-tmlp-13-mo-soma-two/7929544362.html,37.778401365307,-122.414338580742,San Francisco,2026-04-22T17:30:05.357096-07:00,False,,craigslist,,,,
"Expansive Windows w/ City Views, Pets Welcome, 360 View Rooftop Deck",,4379,2,1.0,https://sfbay.craigslist.org/sfc/apa/d/san-francisco-expansive-windows-city/7929540237.html,37.7752730157458,-122.415909631016,San Francisco,2026-04-22T17:10:05.153720-07:00,False,,craigslist,,,,
"360 View Rooftop Deck, Pet Park, EV Charging, SoMa Life",,4379,2,1.0,https://sfbay.craigslist.org/sfc/apa/d/san-francisco-360-view-rooftop-deck-pet/7929524934.html,37.7752730157458,-122.415909631016,San Francisco,2026-04-22T15:50:04.979243-07:00,False,,craigslist,,,,
"TMLP 15-mo. | Live Large! Rare SF 2 BR-Stunning Skyline, Must-See Interiors",,5115,2,2.0,https://sfbay.craigslist.org/sfc/apa/d/san-francisco-tmlp-15-mo-live-large/7929519734.html,37.7831689471201,-122.432684689341,San Francisco,2026-04-22T15:30:04.963434-07:00,False,,craigslist,,,,
HEART OF THE MISSION 3BEDROOM TOP FULL FLOOR FLAT LUSH YARD,"Mission,Chill Mission",5200,3,1.0,https://sfbay.craigslist.org/sfc/apa/d/san-francisco-heart-of-the-mission/7929520697.html,37.7527712442588,-122.40951083836,San Francisco,2026-04-22T15:30:04.962637-07:00,False,,craigslist,,,,
"Impeccable 2 BR/1.5 BA with High Speed Internet, First Month Free",,3886,2,2.0,https://sfbay.craigslist.org/pen/apa/d/san-francisco-impeccable-br-15-ba-with/7929517179.html,37.7072342775777,-122.415895880029,San Francisco,2026-04-22T15:10:05.046740-07:00,False,,craigslist,,,,
TMLP 13-mo. | Convenience Meets Luxury: Garage Parking & Elevator,,3844,2,1.0,https://sfbay.craigslist.org/sfc/apa/d/san-francisco-tmlp-13-mo-convenience/7929509592.html,37.778401365307,-122.414338580742,San Francisco,2026-04-22T14:50:05.162661-07:00,False,,craigslist,,,,
"24 Hour Fitness Center, Concierge, Washers & dryers",,5200,2,2.0,https://sfbay.craigslist.org/sfc/apa/d/san-francisco-24-hour-fitness-center/7929505448.html,37.7796171817482,-122.40621060146,San Francisco,2026-04-22T14:30:05.027658-07:00,False,,craigslist,,,,
TMLP 15-mo. | A Sky-High Experience: Floor-to-Ceiling Windows and City Views!,,3612,2,2.0,https://sfbay.craigslist.org/sfc/apa/d/san-francisco-tmlp-15-mo-sky-high/7929508818.html,37.7916997157313,-122.418600813779,San Francisco,2026-04-22T14:30:05.026834-07:00,False,,craigslist,,,,
"Sunny Corner 2Bed/1Bath, Large Balcony *2nd RM Great for Office Space",,4999,2,1.0,https://sfbay.craigslist.org/sfc/apa/d/san-francisco-sunny-corner-2bed-1bath/7928988106.html,37.7775138536824,-122.418040461056,San Francisco,2026-04-22T14:10:05.576800-07:00,False,,craigslist,,,,
RENTED! Remodeled 2Bed/2Bath apt - Near the Marina! ~ J.Wavro,,5295,2,2.0,https://sfbay.craigslist.org/sfc/apa/d/san-francisco-rented-remodeled-2bed/7929501619.html,37.8002883530798,-122.423834783238,San Francisco,2026-04-22T14:10:05.576054-07:00,False,,craigslist,,,,
"360 View Rooftop Deck, EV Charging, Pet Park, SoMa Life",,4379,2,1.0,https://sfbay.craigslist.org/sfc/apa/d/san-francisco-360-view-rooftop-deck-ev/7929490845.html,37.7752730157458,-122.415909631016,San Francisco,2026-04-22T13:50:05.208319-07:00,False,,craigslist,,,,
"In-unit washer-dryers, Stainless steel appliances, Flex zen spaces",,4177,2,2.0,https://sfbay.craigslist.org/sfc/apa/d/san-francisco-in-unit-washer-dryers/7929493734.html,37.7816185233265,-122.412125817737,San Francisco,2026-04-22T13:50:05.207555-07:00,False,,craigslist,,,,
Work and Play at Home: Tech Lounge & Fitness Center,,3896,2,1.0,https://sfbay.craigslist.org/sfc/apa/d/san-francisco-work-and-play-at-home/7929494722.html,37.7791152707197,-122.41424289679,San Francisco,2026-04-22T13:30:04.981794-07:00,False,,craigslist,,,,
Two Bedroom Condo (three blocks from UCSF),Haight/Cole Valley,4300,2,1.0,https://sfbay.craigslist.org/sfc/apa/d/san-francisco-two-bedroom-condo-three/7929482129.html,37.7711987128648,-122.441309995988,San Francisco,2026-04-22T12:50:05.394897-07:00,False,,craigslist,,,,
Bright Spacious 2 Bdrm Apt,,3690,2,1.0,https://sfbay.craigslist.org/sfc/apa/d/san-francisco-bright-spacious-bdrm-apt/7928869130.html,37.7883696850262,-122.444705343882,San Francisco,2026-04-22T12:50:05.393997-07:00,False,,craigslist,,,,
Extra Clean Inlaw Room Walk to SFSU-CCSF,,1000,2,1.0,https://sfbay.craigslist.org/sfc/apa/d/san-francisco-extra-clean-inlaw-room/7929014176.html,37.721642447251,-122.469881682356,San Francisco,2026-04-22T12:30:05.441480-07:00,False,,craigslist,,,,
TWO Extra Clean Inlaw Rooms Close to SFSU-CCSF,,800,2,1.0,https://sfbay.craigslist.org/sfc/apa/d/san-francisco-two-extra-clean-inlaw/7929013873.html,37.7185822796674,-122.471275688672,San Francisco,2026-04-22T12:10:05.134181-07:00,False,,craigslist,,,,
"SoMa Life, Bicycle Parking, Expansive Windows w/ City Views",,4379,2,1.0,https://sfbay.craigslist.org/sfc/apa/d/san-francisco-soma-life-bicycle-parking/7929466765.html,37.7752730157458,-122.415909631016,San Francisco,2026-04-22T11:50:04.843104-07:00,False,,craigslist,,,,
"Sophisticated 2 BR/1.5 BA with High Speed Internet, Fitness Center",,3593,2,2.0,https://sfbay.craigslist.org/pen/apa/d/san-francisco-sophisticated-br-15-ba/7929468255.html,37.7072342775777,-122.415895880029,San Francisco,2026-04-22T11:50:04.842320-07:00,False,,craigslist,,,,
"Solar shades, Quartz countertops, Custom kitchen cabinetry",,5200,2,2.0,https://sfbay.craigslist.org/sfc/apa/d/san-francisco-solar-shades-quartz/7929461420.html,37.7796171817482,-122.40621060146,San Francisco,2026-04-22T11:30:04.789359-07:00,False,,craigslist,,,,
Discover Artful Living in Our Towering Oasis,,3896,2,1.0,https://sfbay.craigslist.org/sfc/apa/d/san-francisco-discover-artful-living-in/7929447726.html,37.7791152707197,-122.41424289679,San Francisco,2026-04-22T10:50:05.245283-07:00,False,,craigslist,,,,
Open House tonight 6pm-8pmBayview Cozy Apartment 3 bd washer and dryer,,5200,3,1.0,https://sfbay.craigslist.org/sfc/apa/d/san-francisco-open-house-tonight-6pm/7929442944.html,37.7289201571644,-122.386993597013,San Francisco,2026-04-22T10:50:05.244472-07:00,False,,craigslist,,,,
Shafter Ave & Jennings St - Open house TODAY 6 PM- 8:00PM,,5200,3,1.0,https://sfbay.craigslist.org/sfc/apa/d/san-francisco-shafter-ave-jennings-st/7928384545.html,37.7289201571644,-122.386993597013,San Francisco,2026-04-22T10:30:04.899279-07:00,False,,craigslist,,,,
Spacious 4-bedroom on Irving St,Way Out There,4400,4,2.0,https://sfbay.craigslist.org/sfc/apa/d/san-francisco-spacious-bedroom-on/7929436062.html,37.7631360507722,-122.48676617562,San Francisco,2026-04-22T10:10:04.717608-07:00,False,,craigslist,,,,
Top Floor 2 BR with In-Unit Laundry | Dishwasher | Pet-Friendly,Mission,4795,2,1.0,https://sfbay.craigslist.org/sfc/apa/d/san-francisco-top-floor-br-with-in-unit/7929430813.html,37.7557970343748,-122.416592596707,San Francisco,2026-04-22T10:10:04.716838-07:00,False,,craigslist,,,,
"3BR,Laundry,Great Location(226 10th Avenue #6)",,3895,3,1.0,https://sfbay.craigslist.org/sfc/apa/d/san-francisco-3brlaundrygreat/7929430192.html,37.7841252136801,-122.468802802828,San Francisco,2026-04-22T09:50:04.986514-07:00,False,,craigslist,,,,
"OPEN THUR 6pm-6:30pm. Top Flr,In-Unit W/D,PrDeck (49 Jeff Adachi Way)",,3595,2,1.0,https://sfbay.craigslist.org/sfc/apa/d/san-francisco-open-thur-6pm-630pm-top/7929430367.html,37.7741018900126,-122.403451236719,San Francisco,2026-04-22T09:50:04.985909-07:00,False,,craigslist,,,,
"Remodeled, New H/W (306 20th Avenue)",Way Out There,4895,3,2.0,https://sfbay.craigslist.org/sfc/apa/d/san-francisco-remodeled-new-w-th-avenue/7929431715.html,37.7821439256246,-122.479512529934,San Francisco,2026-04-22T09:50:04.985264-07:00,False,,craigslist,,,,
"3/bd, Located in SF, Recycling and compost service",,4295,3,1.0,https://sfbay.craigslist.org/sfc/apa/d/san-francisco-bd-located-in-sf/7929428578.html,37.7806519435262,-122.404762737112,San Francisco,2026-04-22T09:50:04.984449-07:00,False,,craigslist,,,,
"Great Location, Stainless Steel Appliances, Bicycle Parking",,4379,2,1.0,https://sfbay.craigslist.org/sfc/apa/d/san-francisco-great-location-stainless/7929421743.html,37.7752730157458,-122.415909631016,San Francisco,2026-04-22T09:30:05.213573-07:00,False,,craigslist,,,,
TMLP 13-mo. | Modern two-bedroom apartment with city views and parking options,,3844,2,1.0,https://sfbay.craigslist.org/sfc/apa/d/san-francisco-tmlp-13-mo-modern-two/7929422690.html,37.778401365307,-122.414338580742,San Francisco,2026-04-22T09:30:05.212950-07:00,False,,craigslist,,,,
Luxurious 2 BR/1.5 BA Retreat with Fitness Center Access,,3886,2,2.0,https://sfbay.craigslist.org/pen/apa/d/san-francisco-luxurious-br-15-ba/7929425857.html,37.7072342775777,-122.415895880029,San Francisco,2026-04-22T09:30:05.211469-07:00,False,,craigslist,,,,
"360 View Rooftop Deck, Expansive Windows w/ City Views, SoMa Life",,4379,2,1.0,https://sfbay.craigslist.org/sfc/apa/d/san-francisco-360-view-rooftop-deck/7929402280.html,37.7752730157458,-122.415909631016,San Francisco,2026-04-22T08:10:05.559694-07:00,False,,craigslist,,,,
TWO BED ONE BATH/OCEAN VIEWS/ STEPS FROM BEACH/PARKING - PROGRESSIVE,Way Out There,4599,2,1.0,https://sfbay.craigslist.org/sfc/apa/d/san-francisco-two-bed-one-bath-ocean/7929398042.html,37.774668545272,-122.507789143038,San Francisco,2026-04-22T07:50:05.261078-07:00,False,,craigslist,,,,
2/1 rarely available top flat in a 3 unit building,Haight/Cole Valley,5400,2,1.0,https://sfbay.craigslist.org/sfc/apa/d/san-francisco-1-rarely-available-top/7929371802.html,37.7711987128648,-122.441309995988,San Francisco,2026-04-22T05:30:05.606092-07:00,False,,craigslist,,,,
TMLP 13-mo. | 2 Weeks Free on Select Homes,,3798,2,1.0,https://sfbay.craigslist.org/sfc/apa/d/san-francisco-tmlp-13-mo-weeks-free-on/7929316648.html,37.7791152707197,-122.41424289679,San Francisco,2026-04-21T22:30:05.801984-07:00,False,,craigslist,,,,
Two Bedroom Two Bathroom Flat - NEW ADU with Natural Light,Castro/Noe,4000,2,2.0,https://sfbay.craigslist.org/sfc/apa/d/san-francisco-two-bedroom-two-bathroom/7929323562.html,37.7549633807829,-122.426633109109,San Francisco,2026-04-21T22:30:05.800693-07:00,True,,craigslist,12.0,22nd St,3.0,24th St Mission
"Cats and small dogs welcome, On-Site Laundry, 3 bedroom",,4395,3,1.0,https://sfbay.craigslist.org/sfc/apa/d/san-francisco-cats-and-small-dogs/7929322597.html,37.7806519435262,-122.404762737112,San Francisco,2026-04-21T22:30:05.800128-07:00,False,,craigslist,,,,
"Street Level  2-Bedroom, 2-Bathroom Unit in the Heart of San Francisco",Mission,4795,2,2.0,https://sfbay.craigslist.org/sfc/apa/d/san-francisco-street-level-bedroom/7928153218.html,37.7611753891973,-122.423764309429,San Francisco,2026-04-21T22:30:05.798428-07:00,True,,craigslist,11.0,22nd St,3.0,16th St Mission
Spacious 2BR with Private Deck | In-Unit Laundry | Pet-Friendly,,4495,2,1.0,https://sfbay.craigslist.org/sfc/apa/d/san-francisco-spacious-2br-with-private/7928837975.html,37.757213959002,-122.442779632732,San Francisco,2026-04-21T22:30:05.797868-07:00,False,,craigslist,,,,
"Now Touring, Bike Stor, Great MidMar SOMA location, 360 Rooftop Views!",,4379,2,1.0,https://sfbay.craigslist.org/sfc/apa/d/san-francisco-now-touring-bike-stor/7929328773.html,37.7752730157458,-122.415909631016,San Francisco,2026-04-21T22:30:05.796143-07:00,False,,craigslist,,,,
500 Stanyan #106 - Beautiful 2x1 - Pets OK - Private - Great Area,NOPA/Inner Richmond,5450,2,1.0,https://sfbay.craigslist.org/sfc/apa/d/san-francisco-500-stanyan-beautiful-2x1/7929329512.html,37.7728963868117,-122.454281760469,San Francisco,2026-04-21T22:30:05.794994-07:00,False,,craigslist,,,,
"Gated, Stainless Steel Appliances, Washer and Dryer",,4379,2,1.0,https://sfbay.craigslist.org/sfc/apa/d/san-francisco-gated-stainless-steel/7929345445.html,37.7752730157458,-122.415909631016,San Francisco,2026-04-21T22:30:05.785084-07:00,False,,craigslist,,,,
Must-See 2 BR/1.5 BA with Walk In Closets & Elevator Access,,3593,2,2.0,https://sfbay.craigslist.org/pen/apa/d/san-francisco-must-see-br-15-ba-with/7929347507.html,37.7072342775777,-122.415895880029,San Francisco,2026-04-21T22:30:05.784505-07:00,False,,craigslist,,,,
"Video entry system, Recycling and compost service",,4395,3,1.0,https://sfbay.craigslist.org/sfc/apa/d/san-francisco-video-entry-system/7927940419.html,37.7806519435262,-122.404762737112,San Francisco,2026-04-15T11:50:05.354524-07:00,False,,craigslist,,,,
2 BR/1 BA Apartment with Parking,,3300,2,1.0,https://sfbay.craigslist.org/sfc/apa/d/san-francisco-br-ba-apartment-with/7927920232.html,37.7243508187485,-122.458338874616,San Francisco,2026-04-15T10:10:05.446201-07:00,False,,craigslist,,,,
Updated Spacious 2BR/1BA Right By Golden Gate Park,NOPA/Inner Richmond,5450,2,1.0,https://sfbay.craigslist.org/sfc/apa/d/san-francisco-updated-spacious-2br-1ba/7927905606.html,37.7728963868117,-122.454281760469,San Francisco,2026-04-15T09:30:04.861168-07:00,False,,craigslist,,,,
No Carpet Anymore! Right At Lafayette Park 2BR/1BA  Pet Friendly,,5195,2,1.0,https://sfbay.craigslist.org/sfc/apa/d/san-francisco-no-carpet-anymore-right/7927906707.html,37.7907606379051,-122.426715042073,San Francisco,2026-04-15T09:30:04.860501-07:00,False,,craigslist,,,,
New and Modern 2 Bed / 2 Bath Condo for Rent - Central Location!,,5200,2,2.0,https://sfbay.craigslist.org/sfc/apa/d/san-francisco-new-and-modern-bed-bath/7927897361.html,37.7724999000175,-122.414693814574,San Francisco,2026-04-15T09:30:04.859914-07:00,False,,craigslist,,,,
"Large 3 bed near City College, SF State, Balboa Park BART, and the 280",,4200,3,1.0,https://sfbay.craigslist.org/sfc/apa/d/san-francisco-large-bed-near-city/7927833493.html,37.7198599755505,-122.450190841812,San Francisco,2026-04-14T22:40:04.766036-07:00,False,,craigslist,,,,
1.5 Bath Apartment with Panoramic View and Parking,,3950,2,2.0,https://sfbay.craigslist.org/sfc/apa/d/san-francisco-15-bath-apartment-with/7927834446.html,37.7483686365613,-122.444159315103,San Francisco,2026-04-14T22:20:04.979952-07:00,False,,craigslist,,,,
"In-unit W/D Garage 3rd Street loft SF wood-burning stove, two entrance",,5200,2,2.0,https://sfbay.craigslist.org/sfc/apa/d/san-francisco-in-unit-d-garage-3rd/7927834132.html,37.7793811231367,-122.393410724318,San Francisco,2026-04-14T22:00:05.391633-07:00,False,,craigslist,,,,
Beautiful Large Primary Bedroom In Presidio Home,,2370,6,3.0,https://sfbay.craigslist.org/sfc/apa/d/san-francisco-beautiful-large-primary/7927831622.html,37.7812014100517,-122.461398469242,San Francisco,2026-04-14T21:40:04.778836-07:00,False,,craigslist,,,,
Charming 2-BR Unit just Steps away from Sutter Fine Foods!,,4495,2,1.0,https://sfbay.craigslist.org/sfc/apa/d/san-francisco-charming-br-unit-just/7927821138.html,37.7882774388212,-122.416059745958,San Francisco,2026-04-14T19:40:04.945096-07:00,False,,craigslist,,,,
1908 Full-Floor Built-Ins (250sf Patio) 94109 High Ceilings Fireplace,,4900,2,1.0,https://sfbay.craigslist.org/sfc/apa/d/san-francisco-1908-full-floor-built-ins/7927817463.html,37.7973788733963,-122.418300010937,San Francisco,2026-04-14T19:20:05.661792-07:00,False,,craigslist,,,,
2055 Sacramento #203 - Awesome 1x1 - WD in Unit - Great Area - Updated,,5195,2,1.0,https://sfbay.craigslist.org/sfc/apa/d/san-francisco-2055-sacramento-awesome/7927786696.html,37.7907606379051,-122.426715042073,San Francisco,2026-04-14T16:00:05.127370-07:00,False,,craigslist,,,,
2055 Sacramento #407 - Awesome 2x1 - Awesome Views - Great Area,,5295,2,1.0,https://sfbay.craigslist.org/sfc/apa/d/san-francisco-2055-sacramento-awesome/7927769506.html,37.7907606379051,-122.426715042073,San Francisco,2026-04-14T14:40:04.900204-07:00,False,,craigslist,,,,
2055 Sacramento #402 - Charming 2x1 - Awesome Location - Parking,,5295,2,1.0,https://sfbay.craigslist.org/sfc/apa/d/san-francisco-2055-sacramento-charming/7927770262.html,37.7907606379051,-122.426715042073,San Francisco,2026-04-14T14:40:04.899560-07:00,False,,craigslist,,,,
2055 Sacramento #602 - Stunning 2x1 -Awesome Park View - Natural Light,,5395,2,1.0,https://sfbay.craigslist.org/sfc/apa/d/san-francisco-2055-sacramento-stunning/7927765208.html,37.7907606379051,-122.426715042073,San Francisco,2026-04-14T14:20:05.426729-07:00,False,,craigslist,,,,
Single Family Home in Great Location!,,4500,2,1.0,https://sfbay.craigslist.org/sfc/apa/d/san-francisco-single-family-home-in/7927761039.html,37.7126550312771,-122.432001723649,San Francisco,2026-04-14T14:00:04.909448-07:00,False,,craigslist,,,,
"Restored exterior façade, Bicycle rack",,4295,3,1.0,https://sfbay.craigslist.org/sfc/apa/d/san-francisco-restored-exterior-faade/7927754068.html,37.7806519435262,-122.404762737112,San Francisco,2026-04-14T14:00:04.908662-07:00,False,,craigslist,,,,
SUPER QUIET! REAR FACING! BRIGHT/SUNNY w/ PRIVATE GARDEN! COME SEE!,,4995,2,1.0,https://sfbay.craigslist.org/sfc/apa/d/san-francisco-super-quiet-rear-facing/7927757758.html,37.7915358498019,-122.419106162555,San Francisco,2026-04-14T13:37:55.054416-07:00,False,,craigslist,,,,
Remodeled large 2Bed/2Bath apt - Near the Marina! ~ J.Wavro,,5295,2,2.0,https://sfbay.craigslist.org/sfc/apa/d/san-francisco-remodeled-large-2bed/7927727984.html,37.8001078713744,-122.424146472278,San Francisco,2026-04-14T12:00:05.033556-07:00,False,,craigslist,,,,
Spacious Remodeled Ground Floor 2bd! Great Location! ~ J.Wavro,,3550,2,1.0,https://sfbay.craigslist.org/sfc/apa/d/san-francisco-spacious-remodeled-ground/7927723292.html,37.7929189699193,-122.415870669886,San Francisco,2026-04-14T11:40:04.707497-07:00,False,,craigslist,,,,
[Video Tour Link providede] $1950 In-law unit near SFSU for rent,,1950,2,1.0,https://sfbay.craigslist.org/sfc/apa/d/san-francisco-video-tour-link-providede/7927610376.html,37.7325091647929,-122.480113562661,San Francisco,2026-04-13T21:40:04.935615-07:00,False,,craigslist,,,,
"Recycling and compost service, Video entry system",,4395,3,1.0,https://sfbay.craigslist.org/sfc/apa/d/san-francisco-recycling-and-compost/7927594959.html,37.7806519435262,-122.404762737112,San Francisco,2026-04-13T19:40:04.987388-07:00,False,,craigslist,,,,
"3/BD, Building surveillance, In SF",,4395,3,1.0,https://sfbay.craigslist.org/sfc/apa/d/san-francisco-bd-building-surveillance/7927587116.html,37.7806519435262,-122.404762737112,San Francisco,2026-04-13T18:20:05.348344-07:00,False,,craigslist,,,,
Spacious Remodeled Ground Floor 2bd! Great Location! ~ J.Wavro,,3550,2,1.0,https://sfbay.craigslist.org/sfc/apa/d/san-francisco-spacious-remodeled-ground/7927573831.html,37.7930146538711,-122.416114176949,San Francisco,2026-04-13T17:00:04.771071-07:00,False,,craigslist,,,,
Prime Location! W/D. Parking. Backyard Access. Ocean View.,Way Out There,4895,3,2.0,https://sfbay.craigslist.org/sfc/apa/d/san-francisco-prime-location-d-parking/7927561957.html,37.7424849329634,-122.488541771827,San Francisco,2026-04-13T16:40:05.205629-07:00,True,,craigslist,33.0,22nd St,,
BRIGHT & WARM 2BR/1BA across from Japantown SF!,,3150,2,1.0,https://sfbay.craigslist.org/sfc/apa/d/san-francisco-bright-warm-2br-1ba/7927561687.html,37.7843228841194,-122.431550805864,San Francisco,2026-04-13T16:20:04.936074-07:00,False,,craigslist,,,,
Stunning 3-bedroom with living room and backyard,,4300,3,1.0,https://sfbay.craigslist.org/sfc/apa/d/san-francisco-stunning-bedroom-with/7927558203.html,37.7286772230593,-122.381567113735,San Francisco,2026-04-13T16:00:05.376256-07:00,False,,craigslist,,,,
2-3 Bed/One Bath Beautiful and spacious North Beach apt,,4600,2,1.0,https://sfbay.craigslist.org/sfc/apa/d/san-francisco-3-bed-one-bath-beautiful/7927509593.html,37.8016617329147,-122.407104415621,San Francisco,2026-04-13T13:00:05.441862-07:00,False,,craigslist,,,,
Beautiful Brand new home with large storage,Way Out There,4500,3,2.0,https://sfbay.craigslist.org/sfc/apa/d/san-francisco-beautiful-brand-new-home/7925838621.html,37.7441001009878,-122.486301506848,San Francisco,2026-04-13T12:20:05.646055-07:00,True,,craigslist,33.0,22nd St,,
Spacious 2 Bedroom Townhome in Parkmerced! Unit VI522,,3925,2,1.0,https://sfbay.craigslist.org/sfc/apa/d/san-francisco-spacious-bedroom-townhome/7927498101.html,37.7154779943336,-122.48294110938,San Francisco,2026-04-13T11:40:05.490018-07:00,False,,craigslist,,,,
"Stunning 2 Bed, 2 Bath Tower Apartment! Unit CM1252J",,3045,2,2.0,https://sfbay.craigslist.org/sfc/apa/d/san-francisco-stunning-bed-bath-tower/7927498214.html,37.7168135589539,-122.474294030336,San Francisco,2026-04-13T11:40:05.489442-07:00,False,,craigslist,,,,
"Cats and small dogs welcome, Video entry system, 3BD 1BA",,4295,3,1.0,https://sfbay.craigslist.org/sfc/apa/d/san-francisco-cats-and-small-dogs/7927488196.html,37.7806519435262,-122.404762737112,San Francisco,2026-04-13T11:20:05.475551-07:00,False,,craigslist,,,,
Bright & Spacious luxurious SomaGrand building,,4300,2,2.0,https://sfbay.craigslist.org/sfc/apa/d/san-francisco-bright-spacious-luxurious/7924831658.html,37.7779229455481,-122.412562984534,San Francisco,2026-04-12T18:00:05.405345-07:00,False,,craigslist,,,,
"40th/Wawona 3 bd 1 bath top floor of house, large deck and yard",Way Out There,4750,3,1.0,https://sfbay.craigslist.org/sfc/apa/d/san-francisco-40th-wawona-bd-bath-top/7927338867.html,37.7351356033256,-122.497402564128,San Francisco,2026-04-12T15:20:05.347038-07:00,True,,craigslist,37.0,22nd St,,
2 BR/1 BA Apartment with Parking,,3300,2,1.0,https://sfbay.craigslist.org/sfc/apa/d/san-francisco-br-ba-apartment-with/7927326515.html,37.7243508187485,-122.458338874616,San Francisco,2026-04-12T14:20:05.388839-07:00,False,,craigslist,,,,
"Fantastic views! Must See! Elegant, updated 2BR 1BA",,4350,2,1.0,https://sfbay.craigslist.org/sfc/apa/d/san-francisco-fantastic-views-must-see/7927303946.html,37.799759513035,-122.422015642238,San Francisco,2026-04-12T13:00:05.338840-07:00,False,,craigslist,,,,
COMING SOON ~ COZY ANZA VISTA 2BD 1.5BA ~ W/D IN UNIT,,4395,2,2.0,https://sfbay.craigslist.org/sfc/apa/d/san-francisco-coming-soon-cozy-anza/7927276222.html,37.7845996227344,-122.445402060561,San Francisco,2026-04-12T10:40:05.204004-07:00,False,,craigslist,,,,
Newly Remodeled 2nd Floor Unit i,,3500,2,1.0,https://sfbay.craigslist.org/sfc/apa/d/san-francisco-newly-remodeled-2nd-floor/7927210687.html,37.7531430938678,-122.442027912105,San Francisco,2026-04-12T00:00:04.766773-07:00,False,,craigslist,,,,
Room in Coed 3 bed 1.5 Bath 2075$ Central Richmond Avail in JUNE,Way Out There,2075,3,2.0,https://sfbay.craigslist.org/sfc/apa/d/san-francisco-room-in-coed-bed-15-bath/7927131653.html,37.7803339519499,-122.479389344008,San Francisco,2026-04-11T13:40:05.310069-07:00,False,,craigslist,,,,
🌆 Spacious 4BD/2BA Flat in the Heart of the Mission,Mission,5295,4,2.0,https://sfbay.craigslist.org/sfc/apa/d/san-francisco-spacious-4bd-2ba-flat-in/7927120223.html,37.7664758217598,-122.419802879233,San Francisco,2026-04-11T12:40:05.008535-07:00,True,,craigslist,9.0,4th & King,,
2 Bedroom / 1 Bath in the heart of the city,,3975,2,1.0,https://sfbay.craigslist.org/sfc/apa/d/san-francisco-bedroom-bath-in-the-heart/7927123125.html,37.7828171510339,-122.444461263861,San Francisco,2026-04-11T12:40:05.007714-07:00,False,,craigslist,,,,
"4br 1ba Large Apartment on Natoma Street / 7th St, Section 8 welcome",,4500,4,1.0,https://sfbay.craigslist.org/sfc/apa/d/san-francisco-4br-1ba-large-apartment/7926232330.html,37.7724999000175,-122.414693814574,San Francisco,2026-04-11T10:40:05.001360-07:00,False,,craigslist,,,,
"SF CA, Cats and small dogs welcome, 3/BD",,4395,3,1.0,https://sfbay.craigslist.org/sfc/apa/d/san-francisco-sf-ca-cats-and-small-dogs/7926952056.html,37.7806519435262,-122.404762737112,San Francisco,2026-04-10T16:20:05.342025-07:00,False,,craigslist,,,,
"Modern, Light-Filled 2BR Condo with Balcony, Parking & Open Living",,5195,2,2.0,https://sfbay.craigslist.org/sfc/apa/d/san-francisco-modern-light-filled-2br/7926961715.html,37.775269577999,-122.412808783429,San Francisco,2026-04-10T16:20:05.341182-07:00,False,,craigslist,,,,
Affordable SF Hostel for Students & IT Pros – Work. Stay.| 74 Turk St,,900,8,,https://sfbay.craigslist.org/sfc/apa/d/san-francisco-affordable-sf-hostel-for/7926924923.html,37.7832336913509,-122.410312979273,San Francisco,2026-04-10T14:00:05.564587-07:00,False,,craigslist,,,,
Remodeled 2BR/1BA Apartment in Prime Russian Hill Location,,5195,2,1.0,https://sfbay.craigslist.org/sfc/apa/d/san-francisco-remodeled-2br-1ba/7926883907.html,37.7983420154499,-122.422247690145,San Francisco,2026-04-10T12:00:05.284250-07:00,False,,craigslist,,,,
"Remodeled 2BR,2BA; Furnished! Super Convenient Location!",Way Out There,4300,2,2.0,https://sfbay.craigslist.org/sfc/apa/d/san-francisco-remodeled-2br2ba/7925392696.html,37.7636104598265,-122.476056448514,San Francisco,2026-04-10T11:00:05.041766-07:00,True,,craigslist,27.0,4th & King,,
Well maintained 3BD & 2BR for rent,,4198,3,2.0,https://sfbay.craigslist.org/sfc/apa/d/san-francisco-well-maintained-3bd-2br/7926882719.html,37.7089691937812,-122.440020267991,San Francisco,2026-04-10T11:00:05.040909-07:00,False,,craigslist,,,,
Lower Level 2 bedroom apartment located Heart of the Mission District,Mission,3200,2,1.0,https://sfbay.craigslist.org/sfc/apa/d/san-francisco-lower-level-bedroom/7926866487.html,37.7522383935094,-122.416810893627,San Francisco,2026-04-10T10:20:04.851394-07:00,True,,craigslist,9.0,22nd St,,
"3bd 1ba, Bicycle rack, Video entry system",,4395,3,1.0,https://sfbay.craigslist.org/sfc/apa/d/san-francisco-3bd-1ba-bicycle-rack/7926851403.html,37.7806519435262,-122.404762737112,San Francisco,2026-04-10T09:40:05.074802-07:00,False,,craigslist,,,,
3 Bed 1.5 Bath (Second-Floor Unit),,3600,3,2.0,https://sfbay.craigslist.org/sfc/apa/d/san-francisco-bed-15-bath-second-floor/7926780712.html,37.7309008722621,-122.388597878839,San Francisco,2026-04-09T23:00:05.586846-07:00,False,,craigslist,,,,
Rental Available,,3000,2,1.0,https://sfbay.craigslist.org/sfc/apa/d/san-francisco-rental-available/7926750930.html,37.7189988199844,-122.409598500903,San Francisco,2026-04-09T17:40:05.112354-07:00,False,,craigslist,,,,
Downstairs flat inside single family home,Glen Park/Excelsior,3000,2,1.0,https://sfbay.craigslist.org/sfc/apa/d/san-francisco-downstairs-flat-inside/7926737221.html,37.7185312864236,-122.430767572558,San Francisco,2026-04-09T16:40:05.506936-07:00,True,,craigslist,23.0,22nd St,,
"3BD 1BA, On-Site Laundry, Recycling and compost service",,4295,3,1.0,https://sfbay.craigslist.org/sfc/apa/d/san-francisco-3bd-1ba-on-site-laundry/7924947891.html,37.7806519435262,-122.404762737112,San Francisco,2026-04-09T14:20:04.948094-07:00,False,,craigslist,,,,
"HVAC, Rooftop Deck, Package Receiving",,5065,2,2.0,https://sfbay.craigslist.org/sfc/apa/d/san-francisco-hvac-rooftop-deck-package/7925384224.html,37.7796171817482,-122.40621060146,San Francisco,2026-04-09T14:00:05.812662-07:00,False,,craigslist,,,,
Remodeled large 2Bed/2Bath apt - Near the Marina! ~ J.Wavro,,5295,2,2.0,https://sfbay.craigslist.org/sfc/apa/d/san-francisco-remodeled-large-2bed/7926605090.html,37.8006951531144,-122.424187725239,San Francisco,2026-04-09T08:10:04.742066-07:00,False,,craigslist,,,,
4432 California St SF (7th Ave) Brand new 2/1 apt.  Close all,,3500,2,1.0,https://sfbay.craigslist.org/sfc/apa/d/san-francisco-4432-california-st-sf-7th/7926563808.html,37.7849479810738,-122.46492273264,San Francisco,2026-04-09T00:50:04.708754-07:00,False,,craigslist,,,,
Spacious 3 Bed 2 Bath,,4490,3,2.0,https://sfbay.craigslist.org/sfc/apa/d/san-francisco-spacious-bed-bath/7926551346.html,37.7350639836013,-122.389025878312,San Francisco,2026-04-08T21:10:05.368873-07:00,False,,craigslist,,,,
"Sunny Top Unit 2B Flat, Castro/Mission Dolores",Castro/Noe,4300,2,1.0,https://sfbay.craigslist.org/sfc/apa/d/san-francisco-sunny-top-unit-2b-flat/7926530682.html,37.7677941976463,-122.427862103579,San Francisco,2026-04-08T18:30:05.301698-07:00,True,,craigslist,11.0,4th & King,,
Silver Terrace - Great 2br/1 bath,,2650,2,1.0,https://sfbay.craigslist.org/sfc/apa/d/san-francisco-silver-terrace-great-2br/7926497544.html,37.7309008722621,-122.388597878839,San Francisco,2026-04-08T15:50:05.106785-07:00,False,,craigslist,,,,
"Bicycle rack, Cats and small dogs welcome, 3B/1B",,4295,3,1.0,https://sfbay.craigslist.org/sfc/apa/d/san-francisco-bicycle-rack-cats-and/7926476489.html,37.7806519435262,-122.404762737112,San Francisco,2026-04-08T15:30:05.248142-07:00,False,,craigslist,,,,
"Controlled Access, HVAC, Resident Lounge",,5065,2,2.0,https://sfbay.craigslist.org/sfc/apa/d/san-francisco-controlled-access-hvac/7926460287.html,37.7796171817482,-122.40621060146,San Francisco,2026-04-08T12:30:05.418248-07:00,False,,craigslist,,,,
"Spacious Master Bedroom for rent on June 1st in 3bd, 2ba Mission apt","Mission,Chill Mission",1650,3,2.0,https://sfbay.craigslist.org/sfc/apa/d/san-francisco-spacious-master-bedroom/7926441107.html,37.7528050487687,-122.41211206675,San Francisco,2026-04-08T11:50:05.619504-07:00,False,,craigslist,,,,
"High-speed Internet, Quartz countertops, Pet Spa",,5065,2,2.0,https://sfbay.craigslist.org/sfc/apa/d/san-francisco-high-speed-internet/7926405784.html,37.7796171817482,-122.40621060146,San Francisco,2026-04-08T09:30:05.246195-07:00,False,,craigslist,,,,
Artist Renovated Furnished Rental | Mission District,"Mission,Chill Mission",4500,2,1.0,https://sfbay.craigslist.org/sfc/apa/d/san-francisco-artist-renovated/7926332245.html,37.7590273704235,-122.412490218895,San Francisco,2026-04-07T22:50:05.673055-07:00,True,,craigslist,8.0,22nd St,,
Nice and cozy 2 bedrooms In-Law in outer mission,Glen Park/Excelsior,2300,2,1.0,https://sfbay.craigslist.org/sfc/apa/d/san-francisco-nice-and-cozy-bedrooms-in/7926323740.html,37.7195013039708,-122.441099147519,San Francisco,2026-04-07T20:30:04.973618-07:00,True,,craigslist,25.0,22nd St,,
Spacious 2BR Apartment Near Union Square with In-Unit Laundry,,4495,2,1.0,https://sfbay.craigslist.org/sfc/apa/d/san-francisco-spacious-2br-apartment/7926315664.html,37.7907262604374,-122.408901784224,San Francisco,2026-04-07T19:10:05.679661-07:00,False,,craigslist,,,,
"3/bd 1/ba, Video entry system, Situated in SF!",,4395,3,1.0,https://sfbay.craigslist.org/sfc/apa/d/san-francisco-bd-ba-video-entry-system/7926266731.html,37.7806519435262,-122.404762737112,San Francisco,2026-04-07T15:30:05.009422-07:00,False,,craigslist,,,,
Pristine 3BR Single Family Home | 2 Decks w/ Bay Views | Garage + W/D,,5250,3,3.0,https://sfbay.craigslist.org/sfc/apa/d/san-francisco-pristine-3br-single/7926182733.html,37.7257757647849,-122.419228775523,San Francisco,2026-04-07T09:40:04.817661-07:00,False,,craigslist,,,,
Ground Floor Two Bedroom in Prime Location | Freshly Painted,"Bernal,Glen Park/Excelsior",4250,2,1.0,https://sfbay.craigslist.org/sfc/apa/d/san-francisco-ground-floor-two-bedroom/7926183002.html,37.7354358332103,-122.426564354173,San Francisco,2026-04-07T09:40:04.816464-07:00,True,,craigslist,17.0,22nd St,,
Updated Top Floor Flat with W/D in Unit,Way Out There,4150,4,2.0,https://sfbay.craigslist.org/sfc/apa/d/san-francisco-updated-top-floor-flat/7926183111.html,37.7820041239226,-122.485331489301,San Francisco,2026-04-07T09:40:04.815837-07:00,True,,craigslist,30.0,4th & King,,
"Custom kitchen cabinetry, Package Receiving, Workshop",,5065,2,2.0,https://sfbay.craigslist.org/sfc/apa/d/san-francisco-custom-kitchen-cabinetry/7926183600.html,37.7796171817482,-122.40621060146,San Francisco,2026-04-07T09:40:04.814574-07:00,False,,craigslist,,,,
"Spacious, Sunny Bayview 3BR 2BA With Exclusive Backyard Access",,5500,3,2.0,https://sfbay.craigslist.org/sfc/apa/d/san-francisco-spacious-sunny-bayview/7926184502.html,37.7293263842411,-122.386034465664,San Francisco,2026-04-07T09:40:04.813805-07:00,False,,craigslist,,,,
Furnished Newly  Remodeled ! 2 br1ba,NOPA/Inner Richmond,3585,2,1.0,https://sfbay.craigslist.org/sfc/apa/d/san-francisco-furnished-newly-remodeled/7926113922.html,37.7756316873255,-122.448987630442,San Francisco,2026-04-07T08:57:26.532504-07:00,True,,craigslist,21.0,4th & King,,
Bright 2bd apt | W/D inside | Fully-updated kitchen,,4695,2,1.0,https://sfbay.craigslist.org/sfc/apa/d/san-francisco-bright-2bd-apt-d-inside/7926142722.html,37.7924067456505,-122.3973859055,San Francisco,2026-04-07T08:57:26.529842-07:00,False,,craigslist,,,,
2 Bedroom in Russian Hill with Parking Available!,,4850,2,1.0,https://sfbay.craigslist.org/sfc/apa/d/san-francisco-bedroom-in-russian-hill/7926038632.html,37.801303061335,-122.424542959072,San Francisco,2026-04-06T14:20:05.382808-07:00,False,,craigslist,,,,
"On-Site Management, Co-Working Space, Green Building",,5065,2,2.0,https://sfbay.craigslist.org/sfc/apa/d/san-francisco-on-site-management-co/7925434374.html,37.7796171817482,-122.40621060146,San Francisco,2026-04-06T11:20:05.289205-07:00,False,,craigslist,,,,
Brand new remodeled 2 Bedroom unit!,NOPA/Inner Richmond,5195,2,1.0,https://sfbay.craigslist.org/sfc/apa/d/san-francisco-brand-new-remodeled/7925447900.html,37.7768916215169,-122.456221222606,San Francisco,2026-04-06T09:20:05.131156-07:00,True,,craigslist,23.0,4th & King,,
Furnished 2 bedroom,Mission,4000,2,,https://sfbay.craigslist.org/sfc/apa/d/san-francisco-furnished-bedroom/7924788886.html,37.7558617786056,-122.422803459206,San Francisco,2026-03-31T14:20:05.684149-07:00,True,,craigslist,12.0,22nd St,,
"3/BD, Recycling and compost service, On-Site Laundry",,4395,3,1.0,https://sfbay.craigslist.org/sfc/apa/d/san-francisco-bd-recycling-and-compost/7924746547.html,37.7806519435262,-122.404762737112,San Francisco,2026-03-31T12:00:04.906814-07:00,False,,craigslist,,,,
Beautiful Modern Condo Mission Bay,,4900,2,2.0,https://sfbay.craigslist.org/sfc/apa/d/san-francisco-beautiful-modern-condo/7924756805.html,37.774405557644,-122.399694925414,San Francisco,2026-03-31T12:00:04.903753-07:00,False,,craigslist,,,,
MODERN 2BR+DEN /1BA in HEART OF SF!,,3495,2,1.0,https://sfbay.craigslist.org/sfc/apa/d/san-francisco-modern-2brden-1ba-in/7924643034.html,37.7840530209979,-122.431864786736,San Francisco,2026-03-30T23:20:05.290853-07:00,False,,craigslist,,,,
Full floor unit on 41st Avenue and Sloat in Outer Sunset,Way Out There,2600,2,1.0,https://sfbay.craigslist.org/sfc/apa/d/san-francisco-full-floor-unit-on-41st/7924583368.html,37.7344010714323,-122.499197067943,San Francisco,2026-03-30T15:00:05.416015-07:00,True,,craigslist,37.0,22nd St,,
Spacious 3 Bed/2 Bath Flat with Stunning City Views - AMSI,,4000,3,2.0,https://sfbay.craigslist.org/sfc/apa/d/san-francisco-spacious-bed-bath-flat/7924524059.html,37.7353985909536,-122.457095556201,San Francisco,2026-03-30T11:40:05.579839-07:00,False,,craigslist,,,,
"3 bedroom, Video entry system, Bicycle rack",,4395,3,1.0,https://sfbay.craigslist.org/sfc/apa/d/san-francisco-bedroom-video-entry/7924489687.html,37.7806519435262,-122.404762737112,San Francisco,2026-03-30T10:00:05.357826-07:00,False,,craigslist,,,,
HUGE Furnished Bedrooms in Marina – Utilities Included – Prime Location,NOPA/Inner Richmond,2000,3,2.0,https://sfbay.craigslist.org/sfc/apa/d/san-francisco-huge-furnished-bedrooms/7924404602.html,37.7768984970105,-122.446008249908,San Francisco,2026-03-29T19:40:05.479649-07:00,False,,craigslist,,,,
Large Bright Two Bedroom with Period Details,Castro/Noe,5500,2,1.0,https://sfbay.craigslist.org/sfc/apa/d/san-francisco-large-bright-two-bedroom/7924365668.html,37.7506639054885,-122.427329825788,San Francisco,2026-03-29T15:40:05.433828-07:00,True,,craigslist,13.0,22nd St,,
2 BR/1 BA Apartment with Parking,,3300,2,1.0,https://sfbay.craigslist.org/sfc/apa/d/san-francisco-br-ba-apartment-with/7924339575.html,37.7243508187485,-122.458338874616,San Francisco,2026-03-29T13:00:05.050449-07:00,False,,craigslist,,,,
In-Law unit near SF City College (Utilities includes),,2500,2,1.0,https://sfbay.craigslist.org/sfc/apa/d/san-francisco-in-law-unit-near-sf-city/7924041812.html,37.7267446364164,-122.443612713367,San Francisco,2026-03-27T23:40:04.970307-07:00,False,,craigslist,,,,
"Remodeled 2BR with Chef's Kitchen, Hardwood Floors",,5595,2,1.0,https://sfbay.craigslist.org/sfc/apa/d/san-francisco-remodeled-2br-with-chefs/7923959268.html,37.7856000070447,-122.435799287915,San Francisco,2026-03-27T14:00:05.387665-07:00,False,,craigslist,,,,
2 BR/1 BA Apartment with Parking,,3300,2,1.0,https://sfbay.craigslist.org/sfc/apa/d/san-francisco-br-ba-apartment-with/7923648656.html,37.7243508187485,-122.458338874616,San Francisco,2026-03-26T08:20:05.286751-07:00,False,,craigslist,,,,
"On-Site Laundry, Bicycle rack, 3/BD 1/BA",,4395,3,1.0,https://sfbay.craigslist.org/sfc/apa/d/san-francisco-on-site-laundry-bicycle/7923453734.html,37.7806519435262,-122.404762737112,San Francisco,2026-03-25T10:00:05.238819-07:00,False,,craigslist,,,,
2 bedroom 1 bath,,3495,2,1.0,https://sfbay.craigslist.org/sfc/apa/d/san-francisco-bedroom-bath/7923394363.html,37.7195013039708,-122.441099147519,San Francisco,2026-03-25T04:00:04.967780-07:00,False,,craigslist,,,,
"3/bd, Restored exterior façade, Situated in SF!",,4395,3,1.0,https://sfbay.craigslist.org/sfc/apa/d/san-francisco-bd-restored-exterior/7923346811.html,37.7806519435262,-122.404762737112,San Francisco,2026-03-24T18:00:04.970067-07:00,False,,craigslist,,,,
"Building surveillance, in SF CA, 3/bd 1/ba",,4395,3,1.0,https://sfbay.craigslist.org/sfc/apa/d/san-francisco-building-surveillance-in/7923336715.html,37.7806519435262,-122.404762737112,San Francisco,2026-03-24T16:40:05.483383-07:00,False,,craigslist,,,,
"SPECTACULAR, TOP FLOOR 2 BED/1 BATH FULLY RENOVATED!!!",,3750,2,1.0,https://sfbay.craigslist.org/sfc/apa/d/san-francisco-spectacular-top-floor-bed/7923260521.html,37.7393548645288,-122.388712470398,San Francisco,2026-03-24T11:20:04.636013-07:00,False,,craigslist,,,,
Modern 2 bedroom 2 bath condo blocks from the beach- AMSI,Way Out There,4599,2,2.0,https://sfbay.craigslist.org/sfc/apa/d/san-francisco-modern-bedroom-bath-condo/7923059704.html,37.7441001009878,-122.486301506848,San Francisco,2026-03-23T12:20:05.485804-07:00,True,,craigslist,33.0,22nd St,,
"Restored exterior façade, On-Site Laundry",,4395,3,1.0,https://sfbay.craigslist.org/sfc/apa/d/san-francisco-restored-exterior-faade/7923025876.html,37.7806519435262,-122.404762737112,San Francisco,2026-03-23T10:20:05.497234-07:00,False,,craigslist,,,,
